{"cameraMode":{"drawMode":0,"name":"Shaded","section":"Shading Mode"},"sceneLighting":true,"audioPlay":false,"sceneViewState":{"showFog":true,"showMaterialUpdate":false,"showSkybox":true,"showFlares":true,"showImageEffects":true,"showParticleSystems":true},"in2DMode":false,"pivot":{"x":4.941258430480957,"y":-2.171224355697632,"z":-2.5952506065368654},"rotation":{"x":0.01024272944778204,"y":0.9551089406013489,"z":-0.29420456290245058,"w":0.033252108842134479},"size":15.67243480682373,"orthographic":false}