{"cameraMode":{"drawMode":0,"name":"Shaded","section":"Shading Mode"},"sceneLighting":true,"audioPlay":false,"sceneViewState":{"showFog":true,"showMaterialUpdate":false,"showSkybox":true,"showFlares":true,"showImageEffects":true,"showParticleSystems":true},"in2DMode":false,"pivot":{"x":2.4799957275390627,"y":-5.27777624130249,"z":-0.30632877349853518},"rotation":{"x":-0.022333795204758645,"y":0.9291999340057373,"z":-0.36448097229003909,"w":-0.056937284767627719},"size":16.22852897644043,"orthographic":false}